<?xml version="1.0" encoding="iso-8859-1"?>
<ISO15745Profile xmlns="http://www.profibus.com/GSDML/2003/11/DeviceProfile" xmlns:xsi="http://www.w3.org/2001/XMLSchema-instance" xsi:schemaLocation="http://www.profibus.com/GSDML/2003/11/DeviceProfile ..\xsd\GSDML-DeviceProfile-V2.35.xsd">
  <ProfileHeader>
    <ProfileIdentification>PROFINET Device Profile</ProfileIdentification>
    <ProfileRevision>1.00</ProfileRevision>
    <ProfileName>Device Profile for PROFINET Devices</ProfileName>
    <ProfileSource>PROFIBUS Nutzerorganisation e. V. (PNO)</ProfileSource>
    <ProfileClassID>Device</ProfileClassID>
    <ISO15745Reference>
      <ISO15745Part>4</ISO15745Part>
      <ISO15745Edition>1</ISO15745Edition>
      <ProfileTechnology>GSDML</ProfileTechnology>
    </ISO15745Reference>
  </ProfileHeader>
  <ProfileBody>
    <DeviceIdentity DeviceID="0x1234" VendorID="0x053c">
      <InfoText TextId="DeviceDescription_InfoText"/>
      <VendorName Value="SIRON T12X"/>
    </DeviceIdentity>
    <DeviceFunction>
      <Family MainFamily="I/O" ProductFamily="SIRON-T12X-I/O"/>
    </DeviceFunction>
    <ApplicationProcess>
      <DeviceAccessPointList>
		<DeviceAccessPointItem CheckDeviceID_Allowed="true" DNS_CompatibleName="P1204" DeviceAccessSupported="true" FixedInSlots="0" ID="DIM 32" ImplementationType="netX" LLDP_NoD_Supported="true" MinDeviceInterval="8" ModuleIdentNumber="0x00003021" MultipleWriteSupported="true" NameOfStationNotTransferable="true" NumberOfDeviceAccessAR="1" ObjectUUID_LocalIndex="1" PNIO_Version="V2.35" PhysicalSlots="0..32" PowerOnToCommReady="10000" PrmBeginPrmEndSequenceSupported="false" ResetToFactoryModes="2" SharedDeviceSupported="true" SharedInputSupported="false">
          <ModuleInfo>
            <Name TextId="NETX RE/PNS V5.3.0 Host Example Use Case A"/>
            <InfoText TextId="DIM 32_InfoText"/>
            <VendorName Value="SIRON T100"/>
            <OrderNumber Value="1234.567"/>
            <HardwareRelease Value="3"/>
            <SoftwareRelease Value="V5.3.0"/>
          </ModuleInfo>
          <CertificationInfo ApplicationClass="" ConformanceClass="C" NetloadClass="III"/>
          <SubslotList>
            <SubslotItem SubslotNumber="32768" TextId="X1"/>
            <SubslotItem SubslotNumber="32769" TextId="X1P1"/>
            <SubslotItem SubslotNumber="32770" TextId="X1P2"/>
          </SubslotList>
          <IOConfigData MaxDataLength="2880" MaxInputLength="1440" MaxOutputLength="1440"/>
          <UseableModules>
            <ModuleItemRef FixedInSlots="1" ModuleItemTarget="4byteinput"/>
            
          </UseableModules>
          <VirtualSubmoduleList>
            <VirtualSubmoduleItem ID="DIM 32" IM5_Supported="false" MayIssueProcessAlarm="false" SubmoduleIdentNumber="0x00003020" Writeable_IM_Records="1 2 3">
              <IOData/>
              <ModuleInfo CategoryRef="DAP Module">
                <Name TextId="NETX RE/PNS V5.3.0 Host Example Use Case A"/>
                <InfoText TextId="DIM 32_InfoText"/>
              </ModuleInfo>
            </VirtualSubmoduleItem>
          </VirtualSubmoduleList>
          <SystemDefinedSubmoduleList>
            <InterfaceSubmoduleItem DCP_BoundarySupported="true" DCP_HelloSupported="true" DelayMeasurementSupported="true" ID="DIM 32 Interfacesubmodule" NetworkComponentDiagnosisSupported="false" PTP_BoundarySupported="true" SubmoduleIdentNumber="0x00003021" SubslotNumber="32768" SupportedProtocols="SNMP;LLDP" SupportedRT_Classes="RT_CLASS_1;RT_CLASS_3" TextId="PN-IO" UsesStaticARP_CacheEntries="true">
              <RT_Class3Properties ForwardingMode="Relative" MaxBridgeDelay="5500" MaxNumberIR_FrameData="256" MaxRetentionTime="20000" StartupMode="Advanced;Legacy"/>
              <SynchronisationMode MaxLocalJitter="50" SupportedRole="SyncSlave" SupportedSyncProtocols="PTCP" T_PLL_MAX="1000"/>
			  <ApplicationRelations NumberOfAR="2" StartupMode="Advanced;Legacy">
                <TimingProperties ReductionRatio="1 2 4 8 16 32 64 128 256 512" SendClock="32 64 128"/>
				<RT_Class3TimingProperties ReductionRatio="1 2 4 8 16" SendClock="8 16 32 64 128"/>
              </ApplicationRelations>
              <MediaRedundancy SupportedRole="Client"/>
            </InterfaceSubmoduleItem>
            <PortSubmoduleItem CheckMAUTypeDifferenceSupported="true" CheckMAUTypeSupported="true" ID="DIM 32 Portsubmodule 1" IsDefaultRingport="true" LinkStateDiagnosisCapability="Up+Down" MAUTypes="16" MaxPortRxDelay="220" MaxPortTxDelay="116" PortDeactivationSupported="true" SubmoduleIdentNumber="0x00003022" SubslotNumber="32769" TextId="Port1">
              <MAUTypeList>
                <MAUTypeItem AdjustSupported="true" Value="16"/>
              </MAUTypeList>
            </PortSubmoduleItem>
            <PortSubmoduleItem CheckMAUTypeDifferenceSupported="true" CheckMAUTypeSupported="true" ID="DIM 32 Portsubmodule 2" IsDefaultRingport="true" LinkStateDiagnosisCapability="Up+Down" MAUTypes="16" MaxPortRxDelay="220" MaxPortTxDelay="116" PortDeactivationSupported="true" SubmoduleIdentNumber="0x00003023" SubslotNumber="32770" TextId="Port2">
              <MAUTypeList>
                <MAUTypeItem AdjustSupported="true" Value="16"/>
              </MAUTypeList>
            </PortSubmoduleItem>
          </SystemDefinedSubmoduleList>
          <Graphics>
            <GraphicItemRef GraphicItemTarget="1" Type="DeviceSymbol"/>
            <GraphicItemRef GraphicItemTarget="1" Type="DeviceIcon"/>
          </Graphics>
        </DeviceAccessPointItem>
      </DeviceAccessPointList>
      <ModuleList>
      
        <ModuleItem ID="4byteinput" ModuleIdentNumber="0x00000001">
          <ModuleInfo CategoryRef="Input Module">
            <Name TextId="Module_4byteinput_Name"/>
            <InfoText TextId="Module_4byteinput_InfoText"/>
          </ModuleInfo>
          <VirtualSubmoduleList>
            <VirtualSubmoduleItem ID="4byteinput" MayIssueProcessAlarm="false" SubmoduleIdentNumber="0x00000001">
              <IOData>
                <Input>
                  <DataItem DataType="OctetString" Length="4" TextId="DataItem_4byteinput_inputdata_0_Name" UseAsBits="true"/>
                </Input>
              </IOData>
              <ModuleInfo>
                <Name TextId="Submodule_4byteinput_Name"/>
                <InfoText TextId="Submodule_4byteinput_InfoText"/>
              </ModuleInfo>
            </VirtualSubmoduleItem>
          </VirtualSubmoduleList>
        </ModuleItem>
      </ModuleList>
      <GraphicsList>
        <GraphicItem GraphicFile="GSDML-011E-1003-NETX90REPNS" ID="1"/>
      </GraphicsList>
      <CategoryList>
        <CategoryItem ID="DAP Module" TextId="DAP Module_CategoryName"/>
        <CategoryItem ID="Input Module" TextId="Input Module_CategoryName"/>
       
      </CategoryList>
      <ExternalTextList>
        <PrimaryLanguage>
          <Text TextId="DAP Module_CategoryName" Value="Device Access Point Modules"/>
          <Text TextId="DIM 32_InfoText" Value="Firmware version V5.3.0 Identification &amp; Maintenance 1-3, Shared Device, RT and IRT Communication."/>
		  <Text TextId="DataItem_4byteinput_inputdata_0_Name" Value="32 Bit Inputs"/>
          <Text TextId="DataItem_4byteoutput_outputdata_0_Name" Value="Outputs"/>
          <Text TextId="DeviceDescription_InfoText" Value="PROFINET IO-Device"/>
          <Text TextId="Input Module_CategoryName" Value="Input Modules"/>
          <Text TextId="Module_4byteinput_InfoText" Value="32 Bit Input Module"/>
          <Text TextId="Module_4byteinput_Name" Value="32 Bit Input"/>
          <Text TextId="Module_6byteoutput_InfoText" Value="32 Bit Output Module"/>
          <Text TextId="Module_6byteoutput_Name" Value="32 Bit Output"/>
		  <Text TextId="NETX RE/PNS V5.3.0 Host Example Use Case A" Value="T12X-4(32IN)"/>
          <Text TextId="Output Module_CategoryName" Value="Output Modules"/>
          <Text TextId="PN-IO" Value="PN-IO"/>
          <Text TextId="Port1" Value="Port 1"/>
          <Text TextId="Port2" Value="Port 2"/>
          <Text TextId="Submodule_4byteinput_InfoText" Value="4 Bytes Input Submodule"/>
          <Text TextId="Submodule_4byteinput_Name" Value="4 Bytes Input"/>
          <Text TextId="Submodule_6byteoutput_InfoText" Value="32 Bit Output Submodule"/>
          <Text TextId="Submodule_6byteoutput_Name" Value="32 Bit Output"/>
          <Text TextId="X1" Value="X1"/>
          <Text TextId="X1P1" Value="X1 P1"/>
          <Text TextId="X1P2" Value="X1 P2"/>
        </PrimaryLanguage>
      
      </ExternalTextList>
    </ApplicationProcess>
  </ProfileBody>
</ISO15745Profile>